Название товара,Бренд,Ссылка на товар,Цена,Ссылка на чат,Ник Продавца,Время публикации,Город,Страна,Фото товара,Фото магазина,Ссылка на продавца
Feestelijk 3-delig setje,-,https://www.marktplaats.nl/v/kleding-dames/dames-kledingpakketten/m2369188486-feestelijk-3-delig-setje,€ 60.0 ,-,Esther Douenburg,13:28:39 21-02-2026,Rijsbergen Nederland,-,https://images.marktplaats.com/api/v1/listing-mp-p/images/f7/f7caa637-4d15-4d3e-958f-7e212290b472?rule=ecg_mp_eps$_83.jpg,-,https://www.marktplaats.nl/u/esther-douenburg/58959961/
Orgelboeken De orgelmethode van John Brimhall,-,https://www.marktplaats.nl/v/muziek-en-instrumenten/bladmuziek/m2369183581-orgelboeken-de-orgelmethode-van-john-brimhall,€ 0.0 ,-,Sterre,13:18:36 21-02-2026,Nijmegen Nederland,-,https://images.marktplaats.com/api/v1/listing-mp-p/images/47/479ccbc5-3cdb-424d-b7c4-58668609c8bc?rule=ecg_mp_eps$_83.jpg,-,https://www.marktplaats.nl/u/sterre/58953605/
Ugo Parajumper maat S,-,https://www.marktplaats.nl/v/kleding-heren/jassen-zomer/m2369139662-ugo-parajumper-maat-s,€ 175.0 ,-,De Jonge,11:59:37 21-02-2026,Emmen Nederland,-,https://images.marktplaats.com/api/v1/listing-mp-p/images/16/16a40c82-3080-4aeb-a503-e759ff1d5ec7?rule=ecg_mp_eps$_83.jpg,-,https://www.marktplaats.nl/u/de-jonge/988939/
Ruime hoekbank met stoffen bekleding,-,https://www.marktplaats.nl/v/huis-en-inrichting/banken-bankstellen/m2369175455-ruime-hoekbank-met-stoffen-bekleding,€ 400.0 ,-,Thomas,13:02:45 21-02-2026,'s-Hertogenbosch Nederland,-,https://images.marktplaats.com/api/v1/listing-mp-p/images/e3/e3ce0477-6773-4ca5-8b6e-2d89572ee7f6?rule=ecg_mp_eps$_83.jpg,-,https://www.marktplaats.nl/u/thomas/38910182/
Campingaz gasfles 907,-,https://www.marktplaats.nl/v/caravans-en-kamperen/kampeeraccessoires/m2369163110-campingaz-gasfles-907,€ 40.0 ,-,Frank vd Velden,12:42:11 21-02-2026,De Bilt Nederland,-,https://images.marktplaats.com/api/v1/listing-mp-p/images/a1/a1b083aa-4e84-4dfb-921b-4be04fb09c86?rule=ecg_mp_eps$_83.jpg,-,https://www.marktplaats.nl/u/frank-vd-velden/58114466/
Luchtgeveerde twee asser BDF aanhanger,-,https://www.marktplaats.nl/v/zakelijke-goederen/machines-en-bouw-transport/m2369193060-luchtgeveerde-twee-asser-bdf-aanhanger,€ 6250.0 ,-,Reinard van der Veen,13:37:51 21-02-2026,Bergen op Zoom Nederland,-,https://images.marktplaats.com/api/v1/listing-mp-p/images/7e/7ec46f3b-6510-40a7-93f9-0da51c9157e2?rule=ecg_mp_eps$_83.jpg,-,https://www.marktplaats.nl/u/reinard-van-der-veen/11351910/
Mini mobiele wasmachine en centrifuge zgan,-,https://www.marktplaats.nl/v/caravans-en-kamperen/kampeeraccessoires/m2369192030-mini-mobiele-wasmachine-en-centrifuge-zgan,€ 75.0 ,-,Eric en Rina,13:35:39 21-02-2026,Heemskerk Nederland,-,https://images.marktplaats.com/api/v1/listing-mp-p/images/d7a36792-71d6-44bf-8398-5ea4f4203711?rule=ecg_mp_eps$_83.jpg,-,https://www.marktplaats.nl/u/eric-en-rina/25544689/
15 Inch Ronal Velgen met Winterbanden,-,https://www.marktplaats.nl/v/auto-diversen/auto-accessoires/m2369170224-15-inch-ronal-velgen-met-winterbanden,€ 100.0 ,-,Barry,12:52:21 21-02-2026,Berkhout Nederland,-,https://images.marktplaats.com/api/v1/listing-mp-p/images/42/42767252-60f4-43ab-a894-911b1d81e725?rule=ecg_mp_eps$_83.jpg,-,https://www.marktplaats.nl/u/barry/23230657/
CORTINA 28W 3V 57H,-,https://www.marktplaats.nl/v/fietsen-en-brommers/fietsen-meisjes/m2369119639-cortina-28w-3v-57h,€ 225.0 ,-,Jowy,11:15:52 21-02-2026,Geldrop Nederland,-,https://images.marktplaats.com/api/v1/listing-mp-p/images/de/de4bd868-deef-4f0e-b55c-77d773b58544?rule=ecg_mp_eps$_83.jpg,-,https://www.marktplaats.nl/u/jowy/55907651/
"Te koop, 4 sets nordic walking sticks",-,https://www.marktplaats.nl/v/sport-en-fitness/bergsport-en-wandelen/m2369171925-te-koop-4-sets-nordic-walking-sticks,€ 0.0 ,-,Gary,12:55:45 21-02-2026,Zoetermeer Nederland,-,https://images.marktplaats.com/api/v1/listing-mp-p/images/6c/6c771a03-4d07-4f06-bed7-ae07645199fa?rule=ecg_mp_eps$_83.jpg,-,https://www.marktplaats.nl/u/gary/47841681/
Podomonium Wizzle pedicure motor,-,https://www.marktplaats.nl/v/diensten-en-vakmensen/schoonheidsspecialisten-pedicure/m2369190450-podomonium-wizzle-pedicure-motor,€ 0.0 ,-,willy,13:32:26 21-02-2026,Spijk Nederland,-,https://images.marktplaats.com/api/v1/listing-mp-p/images/d5/d589ee50-4f05-49db-9d4a-19ec5ec244c7?rule=ecg_mp_eps$_83.jpg,-,https://www.marktplaats.nl/u/willy/14094179/
RIH omega E-bike uit 2020,-,https://www.marktplaats.nl/v/fietsen-en-brommers/fietsen-dames-damesfietsen/m2369137757-rih-omega-e-bike-uit-2020,€ 1150.0 ,-,H Zeevaarders,11:55:40 21-02-2026,Geleen Nederland,-,https://images.marktplaats.com/api/v1/listing-mp-p/images/9b/9b3905d4-a0ed-4426-9437-4d0536c7a1f3?rule=ecg_mp_eps$_83.jpg,-,https://www.marktplaats.nl/u/h-zeevaarders/15776108/
Business Psychology and Organizational Behaviour,-,https://www.marktplaats.nl/v/boeken/psychologie/m2369185366-business-psychology-and-organizational-behaviour,€ 0.0 ,-,Verheul,13:22:15 21-02-2026,Rotterdam Nederland,-,https://images.marktplaats.com/api/v1/listing-mp-p/images/7b/7b5bb1d4-700f-4a73-b4df-b6bc653d51cd?rule=ecg_mp_eps$_83.jpg,-,https://www.marktplaats.nl/u/verheul/25871141/
Professionele Life Fitness T3 Loopband – Nieuwstaat – €1850,-,https://www.marktplaats.nl/v/sport-en-fitness/fitnessapparatuur/m2369177254-professionele-life-fitness-t3-loopband-nieuwstaat-1850,€ 1850.0 ,-,Lankhaar,13:06:14 21-02-2026,Giessen Nederland,-,https://images.marktplaats.com/api/v1/listing-mp-p/images/dd/ddf77f3c-f560-4050-a98d-dd406e51d7d3?rule=ecg_mp_eps$_83.jpg,-,https://www.marktplaats.nl/u/lankhaar/22014558/
Tk suzuki ignis,-,https://www.marktplaats.nl/v/auto-diversen/overige-auto-diversen/m2369169200-tk-suzuki-ignis,€ 1050.0 ,-,koen,12:50:34 21-02-2026,Velsen-Zuid Nederland,-,https://images.marktplaats.com/api/v1/listing-mp-p/images/bb/bbec3ff0-2c7e-4b60-9b4f-0c1ea837e8d5?rule=ecg_mp_eps$_83.jpg,-,https://www.marktplaats.nl/u/koen/58938544/
Skibox / Dakbox,-,https://www.marktplaats.nl/v/auto-diversen/dakkoffers/m2369168674-skibox-dakbox,€ 75.0 ,-,zandbergen,12:49:35 21-02-2026,Hoensbroek Nederland,-,https://images.marktplaats.com/api/v1/listing-mp-p/images/3e/3ebae6d1-fd44-4bf3-b1ba-0a0ff1410971?rule=ecg_mp_eps$_83.jpg,-,https://www.marktplaats.nl/u/zandbergen/454767/
Schilder,-,https://www.marktplaats.nl/v/diensten-en-vakmensen/schilders-en-behangers/m2369182824-schilder,€ 0.0 ,-,sandra van zanten,13:17:07 21-02-2026,Tiel Nederland,-,https://images.marktplaats.com/api/v1/listing-mp-p/images/db/dbf47fe6-5c94-418a-9b3f-29855c4f66b5?rule=ecg_mp_eps$_83.jpg,-,https://www.marktplaats.nl/u/sandra-van-zanten/50924205/
Bruine laarzen met hak,-,https://www.marktplaats.nl/v/kleding-dames/schoenen/m2369193212-bruine-laarzen-met-hak,€ 35.0 ,-,Ellen,13:38:10 21-02-2026,Schalkwijk Nederland,-,https://images.marktplaats.com/api/v1/listing-mp-p/images/8b/8bc09137-96ed-46d0-8650-728adf1302b7?rule=ecg_mp_eps$_83.jpg,-,https://www.marktplaats.nl/u/ellen/15318501/
Vr bril meta quest 3s,-,https://www.marktplaats.nl/v/spelcomputers-en-games/virtual-reality/m2369189619-vr-bril-meta-quest-3s,€ 0.0 ,-,Fade,13:30:54 21-02-2026,Rotterdam Nederland,-,https://images.marktplaats.com/api/v1/listing-mp-p/images/3c/3c3c96d4-1b85-493a-a8c5-138c498fec19?rule=ecg_mp_eps$_83.jpg,-,https://www.marktplaats.nl/u/fade/55402510/
Imperial Defender 110,-,https://www.marktplaats.nl/v/auto-diversen/dakdragers/m2369165487-imperial-defender-110,€ 0.0 ,-,Eddy,12:44:57 21-02-2026,Groningen Nederland,-,https://images.marktplaats.com/api/v1/listing-mp-p/images/0c/0c85d897-6e28-4e15-b571-0d82e7db2197?rule=ecg_mp_eps$_83.jpg,-,https://www.marktplaats.nl/u/eddy/35634225/
Ruime hoekbank met stoffen bekleding,-,https://www.marktplaats.nl/v/huis-en-inrichting/banken-bankstellen/m2369175455-ruime-hoekbank-met-stoffen-bekleding,€ 400.0 ,-,Thomas,13:02:45 21-02-2026,'s-Hertogenbosch Nederland,-,https://images.marktplaats.com/api/v1/listing-mp-p/images/e3/e3ce0477-6773-4ca5-8b6e-2d89572ee7f6?rule=ecg_mp_eps$_83.jpg,-,https://www.marktplaats.nl/u/thomas/38910182/
Scorpion EXO Motorhelm - Maat XS,-,https://www.marktplaats.nl/v/motoren/kleding-motorhelmen/m2369145678-scorpion-exo-motorhelm-maat-xs,€ 70.0 ,-,Loes Knorren,12:11:21 21-02-2026,Zwolle Nederland,-,https://images.marktplaats.com/api/v1/listing-mp-p/images/a7/a735e85f-1b1d-4c92-8dcb-63db0925645c?rule=ecg_mp_eps$_83.jpg,-,https://www.marktplaats.nl/u/loes-knorren/21625530/
PlayStation 5 (zie beschrijving voor meer),-,https://www.marktplaats.nl/v/spelcomputers-en-games/spelcomputers-sony-playstation-5/m2369190809-playstation-5-zie-beschrijving-voor-meer,€ 0.0 ,-,Jay,13:33:05 21-02-2026,Steenwijk Nederland,-,https://images.marktplaats.com/api/v1/listing-mp-p/images/5a/5a384814-8d68-491b-969e-2be6aeaf0885?rule=ecg_mp_eps$_83.jpg,-,https://www.marktplaats.nl/u/jay/58960028/
Premium bijles voor wiskunde,-,https://www.marktplaats.nl/v/diensten-en-vakmensen/bijles-prive-les-en-taalles/m2369172825-premium-bijles-voor-wiskunde,€ 0.0 ,-,Premium Mathematik,12:57:28 21-02-2026,Amsterdam Nederland,-,https://images.marktplaats.com/api/v1/listing-mp-p/images/bd/bd872d68-a6b8-402d-bf34-ad14dda989c8?rule=ecg_mp_eps$_83.jpg,-,https://www.marktplaats.nl/u/premium-mathematik/58956334/
Clone troopee Commander Gree - set 75234-1,-,https://www.marktplaats.nl/v/verzamelen/poppetjes-en-figuurtjes/m2369189778-clone-troopee-commander-gree-set-75234-1,€ 45.0 ,-,Miel Mennen,13:31:12 21-02-2026,Vlierden Nederland,-,https://images.marktplaats.com/api/v1/listing-mp-p/images/64/64b3bd03-acf4-493f-b743-5cc44855a17f?rule=ecg_mp_eps$_83.jpg,-,https://www.marktplaats.nl/u/miel-mennen/50991137/
