–ù–∞–∑–≤–∞–Ω–∏–µ —Ç–æ–≤–∞—Ä–∞,–ë—Ä–µ–Ω–¥,–°—Å—ã–ª–∫–∞ –Ω–∞ —Ç–æ–≤–∞—Ä,–¶–µ–Ω–∞,–°—Å—ã–ª–∫–∞ –Ω–∞ —á–∞—Ç,–ù–∏–∫ –ü—Ä–æ–¥–∞–≤—Ü–∞,–í—Ä–µ–º—è –ø—É–±–ª–∏–∫–∞—Ü–∏–∏,–ì–æ—Ä–æ–¥,–°—Ç—Ä–∞–Ω–∞,–§–æ—Ç–æ —Ç–æ–≤–∞—Ä–∞,–§–æ—Ç–æ –º–∞–≥–∞–∑–∏–Ω–∞,–°—Å—ã–ª–∫–∞ –Ω–∞ –ø—Ä–æ–¥–∞–≤—Ü–∞
Nintendo Switch + Mario Kart 8 Deluxe & Veel Extras,-,https://www.marktplaats.nl/v/spelcomputers-en-games/games-nintendo-switch/m2369126837-nintendo-switch-mario-kart-8-deluxe-veel-extras,‚Ç¨ 180.0 ,-,Kei Trekker,11:32:11 21-02-2026,Amersfoort Nederland,-,https://images.marktplaats.com/api/v1/listing-mp-p/images/64/64888404-3d6e-4888-8b3a-62972b988ccb?rule=ecg_mp_eps$_83.jpg,-,https://www.marktplaats.nl/u/kei-trekker/52294076/
Burberry Jas/Bodywarmer - Stijlvol en Warm,-,https://www.marktplaats.nl/v/kleding-heren/jassen-zomer/m2369229870-burberry-jas-bodywarmer-stijlvol-en-warm,‚Ç¨ 0.0 ,-,tokaclothes,14:51:07 21-02-2026,De Meern Nederland,-,https://images.marktplaats.com/api/v1/listing-mp-p/images/3a/3a3f67cc-a80f-40cc-a325-55b74db60476?rule=ecg_mp_eps$_83.jpg,-,https://www.marktplaats.nl/u/tokaclothes/58170879/
gratis ophalen gebruikte terrastegels,-,https://www.marktplaats.nl/v/tuin-en-terras/tegels-en-klinkers/m2369197155-gratis-ophalen-gebruikte-terrastegels,‚Ç¨ 0.0 ,-,Elderenbosch,13:46:31 21-02-2026,Haren Gn Nederland,-,https://images.marktplaats.com/api/v1/listing-mp-p/images/a1/a1f93c2e-9fd7-43ca-b7bc-06d763d262f6?rule=ecg_mp_eps$_83.jpg,-,https://www.marktplaats.nl/u/elderenbosch/4754647/
Massagesalon Pearl,-,https://www.marktplaats.nl/v/diensten-en-vakmensen/welzijn-masseurs-en-massagesalons/m2369098919-massagesalon-pearl,‚Ç¨ 0.0 ,-,Pearl Prive,10:20:13 21-02-2026,Loenhout  Belgi√´,-,https://images.marktplaats.com/api/v1/listing-mp-p/images/c5/c581ab85-d69e-4849-8e69-54dd64f9b7d8?rule=ecg_mp_eps$_83.jpg,-,https://www.marktplaats.nl/u/pearl-prive/58891545/
LATEX SPUITEN,-,https://www.marktplaats.nl/v/diensten-en-vakmensen/schilders-en-behangers/m2369211320-latex-spuiten,‚Ç¨ 0.0 ,-,Nick,14:15:44 21-02-2026,Heemskerk Nederland,-,https://images.marktplaats.com/api/v1/listing-mp-p/images/de/de581a3a-526a-4a36-88be-70a59fb4fceb?rule=ecg_mp_eps$_83.jpg,-,https://www.marktplaats.nl/u/nick/9961190/
Gourmetmaxx Airfryer - Nieuw in doos! Meerdere te koop,-,https://www.marktplaats.nl/v/witgoed-en-apparatuur/airfryers/m2369227744-gourmetmaxx-airfryer-nieuw-in-doos-meerdere-te-koop,‚Ç¨ 35.0 ,-,Redje Dekker,14:47:06 21-02-2026,Alkmaar Nederland,-,https://images.marktplaats.com/api/v1/listing-mp-p/images/b8/b8ba4c64-8f89-480a-b600-7b1989fe7e28?rule=ecg_mp_eps$_83.jpg,-,https://www.marktplaats.nl/u/redje-dekker/58960680/
Collectie ca 400 versterkerbuizen,-,https://www.marktplaats.nl/v/audio-tv-en-foto/buizenversterkers/m2369159606-collectie-ca-400-versterkerbuizen,‚Ç¨ 9500.0 ,-,Edwin,12:36:36 21-02-2026,Haarlem Nederland,-,https://images.marktplaats.com/api/v1/listing-mp-p/images/6d/6dac425e-72e5-4d41-97c1-a3c7e15a9579?rule=ecg_mp_eps$_83.jpg,-,https://www.marktplaats.nl/u/edwin/7370592/
Te koop postcode XL reiskoffers,-,https://www.marktplaats.nl/v/sieraden-tassen-en-uiterlijk/koffers/m2369234539-te-koop-postcode-xl-reiskoffers,‚Ç¨ 50.0 ,-,Jos,14:59:41 21-02-2026,Velp Nederland,-,https://images.marktplaats.com/api/v1/listing-mp-p/images/c6/c620e991-8b2f-4f62-b81a-39e352dfb085?rule=ecg_mp_eps$_83.jpg,-,https://www.marktplaats.nl/u/jos/1740650/
Prachtige klassieke spiegel met sierlijke lijst 132 x 76 cm,-,https://www.marktplaats.nl/v/huis-en-inrichting/woonaccessoires-spiegels/m2369219772-prachtige-klassieke-spiegel-met-sierlijke-lijst-132-x-76-cm,‚Ç¨ 75.0 ,-,Lourenssenm,14:32:11 21-02-2026,Barendrecht Nederland,-,https://images.marktplaats.com/api/v1/listing-mp-p/images/78/78e44154-a435-43f2-aaff-162635b8ac8f?rule=ecg_mp_eps$_83.jpg,-,https://www.marktplaats.nl/u/lourenssenm/7158917/
Super nette FENDT SAPHIR 470‚ÄôTFB*mover*fietserek*luifeltent*,-,https://www.marktplaats.nl/v/caravans-en-kamperen/caravans/m2369226910-super-nette-fendt-saphir-470-tfb-mover-fietserek-luifeltent,‚Ç¨ 8250.0 ,-,Ramon‚Äôs kampeerartikelen,14:45:25 21-02-2026,Overasselt Nederland,-,https://images.marktplaats.com/api/v1/listing-mp-p/images/76/76f1d6d4-0a60-4af0-8eb4-89d2faedfcad?rule=ecg_mp_eps$_83.jpg,-,https://www.marktplaats.nl/u/ramon-s-kampeerartikelen/1362807/
Bobo Choses winterjas maat 122,-,https://www.marktplaats.nl/v/kinderen-en-baby-s/kinderkleding-maat-122/m2369206233-bobo-choses-winterjas-maat-122,‚Ç¨ 50.0 ,-,Myra,14:05:35 21-02-2026,'s-Gravenhage Nederland,-,https://images.marktplaats.com/api/v1/listing-mp-p/images/03/03a77ade-9983-4524-a248-494a5ceb0809?rule=ecg_mp_eps$_83.jpg,-,https://www.marktplaats.nl/u/myra/19116118/
SPLINTERNIEUWE DIAMOND KIPPENGRILL,-,https://www.marktplaats.nl/v/zakelijke-goederen/horeca-keukenapparatuur/m2369227050-splinternieuwe-diamond-kippengrill,‚Ç¨ 0.0 ,-,Simon,14:45:40 21-02-2026,'s-Gravenhage Nederland,-,https://images.marktplaats.com/api/v1/listing-mp-p/images/e6/e64a84c7-3df9-48e9-bb28-a4c58a096f6f?rule=ecg_mp_eps$_83.jpg,-,https://www.marktplaats.nl/u/simon/19516657/
Mini cooper s 1600 in onderdelen,-,https://www.marktplaats.nl/v/auto-diversen/auto-accessoires/m2369170911-mini-cooper-s-1600-in-onderdelen,‚Ç¨ 1000.0 ,-,Wiebe Overmeer,12:53:45 21-02-2026,Geesteren Nederland,-,https://images.marktplaats.com/api/v1/listing-mp-p/images/ca/ca8fda47-d279-463a-8401-07799d525a66?rule=ecg_mp_eps$_83.jpg,-,https://www.marktplaats.nl/u/wiebe-overmeer/43534744/
Aannemer Gezocht? Vraag direct om een Offerte op maat.,-,https://www.marktplaats.nl/v/diensten-en-vakmensen/klussers-en-klusbedrijven/m2369068253-aannemer-gezocht-vraag-direct-om-een-offerte-op-maat,‚Ç¨ 8.0 ,-,Force Bouw & Installatie,06:28:15 21-02-2026,Amsterdam Nederland,-,https://images.marktplaats.com/api/v1/listing-mp-p/images/58/58f5c6ec-ba7f-419c-a07a-0273273cb5ad?rule=ecg_mp_eps$_83.jpg,-,https://www.marktplaats.nl/u/force-bouw-installatie/58958232/
LEXAR Prof CFexpress 512 GB Type B Gold 4.0,-,https://www.marktplaats.nl/v/audio-tv-en-foto/fotografie-geheugenkaarten/m2369237347-lexar-prof-cfexpress-512-gb-type-b-gold-4-0,‚Ç¨ 200.0 ,-,gerritsen,15:04:42 21-02-2026,Breda Nederland,-,https://images.marktplaats.com/api/v1/listing-mp-p/images/23/23bc58e9-fc38-40ad-86ac-fe13ce52665e?rule=ecg_mp_eps$_83.jpg,-,https://www.marktplaats.nl/u/gerritsen/16405699/
Nintendo Switch OLED - Zo goed als nieuw! Incl 1TB,-,https://www.marktplaats.nl/v/spelcomputers-en-games/games-nintendo-switch/m2369104504-nintendo-switch-oled-zo-goed-als-nieuw-incl-1tb,‚Ç¨ 250.0 ,-,van alles wat,10:35:17 21-02-2026,Dedemsvaart Nederland,-,https://images.marktplaats.com/api/v1/listing-mp-p/images/55/55d87f9a-cfd7-4fd8-b0fb-97dd5f005d06?rule=ecg_mp_eps$_83.jpg,-,https://www.marktplaats.nl/u/van-alles-wat/10382718/
Inverter stroomagregraat,-,https://www.marktplaats.nl/v/witgoed-en-apparatuur/stoomapparaten/m2369215828-inverter-stroomagregraat,‚Ç¨ 450.0 ,-,Ez,14:24:37 21-02-2026,Overdinkel Nederland,-,https://images.marktplaats.com/api/v1/listing-mp-p/images/43/43049ebc-6e39-4ef5-a1ec-1da01163c960?rule=ecg_mp_eps$_83.jpg,-,https://www.marktplaats.nl/u/ez/48198449/
Thermomix TM6 + Extra's (Garantie),-,https://www.marktplaats.nl/v/witgoed-en-apparatuur/keukenmixers/m2369097364-thermomix-tm6-extra-s-garantie,‚Ç¨ 1000.0 ,-,Mark Veenstra,10:15:52 21-02-2026,Nieuwebrug Nederland,-,https://images.marktplaats.com/api/v1/listing-mp-p/images/19/19e7cb79-171d-4284-b647-6c7987e67740?rule=ecg_mp_eps$_83.jpg,-,https://www.marktplaats.nl/u/mark-veenstra/17820273/
Travis Scott Mocha Sneakers td maat 27,-,https://www.marktplaats.nl/v/kinderen-en-baby-s/kinderkleding-schoenen-en-sokken/m2369225720-travis-scott-mocha-sneakers-td-maat-27,‚Ç¨ 75.0 ,-,SN,14:43:08 21-02-2026,Utrecht Nederland,-,https://images.marktplaats.com/api/v1/listing-mp-p/images/d9/d9c6c934-717b-484f-b39f-019a5ec4bd90?rule=ecg_mp_eps$_83.jpg,-,https://www.marktplaats.nl/u/sn/16667343/
Samsung Galaxy active pro,-,https://www.marktplaats.nl/v/telecommunicatie/overige-telecommunicatie/m2369204347-samsung-galaxy-active-pro,‚Ç¨ 200.0 ,-,Pieter1234,14:01:29 21-02-2026,Dronten Nederland,-,https://images.marktplaats.com/api/v1/listing-mp-p/images/67/67c4ca37-72e5-40cb-99d4-de986aeb8fd2?rule=ecg_mp_eps$_83.jpg,-,https://www.marktplaats.nl/u/pieter1234/24583793/
Tissot T-Touch Racing Horloge - Nieuwe Batterij & Service,-,https://www.marktplaats.nl/v/sieraden-tassen-en-uiterlijk/horloges-heren/m2369175784-tissot-t-touch-racing-horloge-nieuwe-batterij-service,‚Ç¨ 250.0 ,-,WijngM,13:03:20 21-02-2026,Ammerstol Nederland,-,https://images.marktplaats.com/api/v1/listing-mp-p/images/74/749a185d-1b25-46e8-adaf-030b783971d7?rule=ecg_mp_eps$_83.jpg,-,https://www.marktplaats.nl/u/wijngm/17495593/
"BOSS Heren Mantel Maat 50, Wol & Cashmere, Donkergrijs",-,https://www.marktplaats.nl/v/kleding-heren/jassen-winter/m2369196767-boss-heren-mantel-maat-50-wol-cashmere-donkergrijs,‚Ç¨ 139.0 ,-,Theo,13:45:42 21-02-2026,Eindhoven Nederland,-,https://images.marktplaats.com/api/v1/listing-mp-p/images/1e/1eaeb8de-e771-4ff0-a809-0c04e8117e5c?rule=ecg_mp_eps$_83.jpg,-,https://www.marktplaats.nl/u/theo/18908119/
Mieke - M'n Engelbewaarder ( Piraten 1976 ),-,https://www.marktplaats.nl/v/cd-s-en-dvd-s/vinyl-nederlandstalig/m2369200477-mieke-m-n-engelbewaarder-piraten-1976,‚Ç¨ 0.0 ,-,Anouk,13:53:25 21-02-2026,Norg Nederland,-,https://images.marktplaats.com/api/v1/listing-mp-p/images/f3/f3cbdbb8-595e-43e3-81c9-046d2de83bda?rule=ecg_mp_eps$_83.jpg,-,https://www.marktplaats.nl/u/anouk/12518224/
Brouwers zelfdrinkers.,-,https://www.marktplaats.nl/v/verzamelen/sleutelhangers/m2369143887-brouwers-zelfdrinkers,‚Ç¨ 12.0 ,-,Sam Krabbenborg,12:07:56 21-02-2026,Lochem Nederland,-,https://images.marktplaats.com/api/v1/listing-mp-p/images/32/3215df35-059b-45fa-9e02-981b7241a888?rule=ecg_mp_eps$_83.jpg,-,https://www.marktplaats.nl/u/sam-krabbenborg/49032597/
Massagetafel,-,https://www.marktplaats.nl/v/tuin-en-terras/droogmolens-en-wasrekken/m2369191270-massagetafel,‚Ç¨ 0.0 ,-,Sasha,13:34:03 21-02-2026,Amsterdam Nederland,-,https://images.marktplaats.com/api/v1/listing-mp-p/images/c3/c36c2bc1-b0d1-4202-bcfe-1aa593aa05f9?rule=ecg_mp_eps$_83.jpg,-,https://www.marktplaats.nl/u/sasha/46431502/
Winkelconcept-Webwinkel-Fournituren-Overname,-,https://www.marktplaats.nl/v/zakelijke-goederen/exploitaties-en-overnames/m2369222995-winkelconcept-webwinkel-fournituren-overname,‚Ç¨ 45000.0 ,-,A. Honing,14:38:06 21-02-2026,Haarlem Nederland,-,https://images.marktplaats.com/api/v1/listing-mp-p/images/c5/c5fabef4-31f8-482c-af52-5fb91507920b?rule=ecg_mp_eps$_83.jpg,-,https://www.marktplaats.nl/u/a-honing/25893560/
LMC 2024 SOMA- CAMP 160 PK- LMC H730G LIFT-OFFGRID-AIRCO,-,https://www.marktplaats.nl/v/auto-diversen/schadeauto-s/m2369203842-lmc-2024-soma-camp-160-pk-lmc-h730g-lift-offgrid-airco,‚Ç¨ 41500.0 ,-,MULDER,14:00:24 21-02-2026,Apeldoorn Nederland,-,https://images.marktplaats.com/api/v1/listing-mp-p/images/7b/7b482b16-4bce-443d-b21e-cf0b60e3d1ff?rule=ecg_mp_eps$_83.jpg,-,https://www.marktplaats.nl/u/mulder/201046/
fietsendrager Dissel adapter Alko,-,https://www.marktplaats.nl/v/caravans-en-kamperen/caravan-accessoires/m2369224268-fietsendrager-dissel-adapter-alko,‚Ç¨ 75.0 ,-,Tjerk,14:40:23 21-02-2026,Beek en Donk Nederland,-,https://images.marktplaats.com/api/v1/listing-mp-p/images/e2/e28c13b1-8322-463f-b615-a6ff1d659e8b?rule=ecg_mp_eps$_83.jpg,-,https://www.marktplaats.nl/u/tjerk/46759362/
DJI Mavic 3 Thermal als nieuw!!,-,https://www.marktplaats.nl/v/audio-tv-en-foto/drones/m2369143985-dji-mavic-3-thermal-als-nieuw,‚Ç¨ 4300.0 ,-,Michael,12:08:07 21-02-2026,Noordbroek Nederland,-,https://images.marktplaats.com/api/v1/listing-mp-p/images/42/42a51ceb-630d-463f-9739-12d21d3f9ca5?rule=ecg_mp_eps$_83.jpg,-,https://www.marktplaats.nl/u/michael/12597401/
Originele nintendo switch (Oled) joycons met grip,-,https://www.marktplaats.nl/v/spelcomputers-en-games/games-nintendo-switch/m2369085540-originele-nintendo-switch-oled-joycons-met-grip,‚Ç¨ 39.99 ,-,Peach,09:32:17 21-02-2026,Oosterhout Nederland,-,https://images.marktplaats.com/api/v1/listing-mp-p/images/f4/f483c6d6-cbf5-444a-9ce8-ed9037ead688?rule=ecg_mp_eps$_83.jpg,-,https://www.marktplaats.nl/u/peach/21349834/
2 Prince Ripstick 300 Tennisrackets - Maat 2,-,https://www.marktplaats.nl/v/sport-en-fitness/tennis/m2369198859-2-prince-ripstick-300-tennisrackets-maat-2,‚Ç¨ 150.0 ,-,Fam Ham,13:50:12 21-02-2026,Deventer Nederland,-,https://images.marktplaats.com/api/v1/listing-mp-p/images/be/bec87377-2d63-4d48-9250-c9eae80a2539?rule=ecg_mp_eps$_83.jpg,-,https://www.marktplaats.nl/u/fam-ham/39946581/
Leren relaxfauteuil (electrisch met accu),-,https://www.marktplaats.nl/v/huis-en-inrichting/fauteuils/m2369176606-leren-relaxfauteuil-electrisch-met-accu,‚Ç¨ 0.0 ,-,Stef,13:04:56 21-02-2026,Hoofddorp Nederland,-,https://images.marktplaats.com/api/v1/listing-mp-p/images/30/301d3f06-ac42-40ad-bd68-5c9774c140d5?rule=ecg_mp_eps$_83.jpg,-,https://www.marktplaats.nl/u/stef/10644524/
Waxjas winterjas  S M L XL XXL 3XL 4XL bruin groen blauw,-,https://www.marktplaats.nl/v/kleding-heren/jassen-winter/m2369153319-waxjas-winterjas-s-m-l-xl-xxl-3xl-4xl-bruin-groen-blauw,‚Ç¨ 50.0 ,-,Janneke,12:25:23 21-02-2026,Ruinerwold Nederland,-,https://images.marktplaats.com/api/v1/listing-mp-p/images/3a/3a6f28c1-c0c0-42a7-8e84-ecbcdbdf252d?rule=ecg_mp_eps$_83.jpg,-,https://www.marktplaats.nl/u/janneke/4807448/
"Heel veel disney dvd,s muziek dvd,s speciale dvd,s",-,https://www.marktplaats.nl/v/cd-s-en-dvd-s/dvd-s-tekenfilms-en-animatie/m2369197531-heel-veel-disney-dvd-s-muziek-dvd-s-speciale-dvd-s,‚Ç¨ 0.0 ,-,rob,13:47:19 21-02-2026,Oosterhout Nederland,-,https://images.marktplaats.com/api/v1/listing-mp-p/images/d4/d425c633-6421-47ad-bb68-0b10d10e223b?rule=ecg_mp_eps$_83.jpg,-,https://www.marktplaats.nl/u/rob/3589015/
Lenovo Legion Pro 7 16IRX8H 82WQ00AFMH I9 1390HX RTX4090,-,https://www.marktplaats.nl/v/computers-en-software/windows-laptops/m2369242293-lenovo-legion-pro-7-16irx8h-82wq00afmh-i9-1390hx-rtx4090,‚Ç¨ 2200.0 ,-,Vincent,15:13:34 21-02-2026,Kampen Nederland,-,https://images.marktplaats.com/api/v1/listing-mp-p/images/22/22108c97-f57f-468d-a88f-be883d2cc3b9?rule=ecg_mp_eps$_83.jpg,-,https://www.marktplaats.nl/u/vincent/19703535/
Unsinn 2600 KG gesloten aanhanger 426x175x194 cm Bj. 2022!,-,https://www.marktplaats.nl/v/auto-diversen/aanhangers-en-bagagewagens/m2369174177-unsinn-2600-kg-gesloten-aanhanger-426x175x194-cm-bj-2022,‚Ç¨ 5950.0 ,-,Transport Trading,13:00:15 21-02-2026,Nieuwleusen Nederland,-,https://images.marktplaats.com/api/v1/listing-mp-p/images/8a/8a41f12e-d367-483b-a92b-d221aa2aa96d?rule=ecg_mp_eps$_83.jpg,-,https://www.marktplaats.nl/u/transport-trading/18920959/
houtpellets - deelvracht-volle vracht,-,https://www.marktplaats.nl/v/tuin-en-terras/haardhout/m2369239669-houtpellets-deelvracht-volle-vracht,‚Ç¨ 0.0 ,-,woody,15:08:57 21-02-2026,Vlagtwedde Nederland,-,https://images.marktplaats.com/api/v1/listing-mp-p/images/1f/1f25068b-def1-470a-ab5d-68cdb0e9bb76?rule=ecg_mp_eps$_83.jpg,-,https://www.marktplaats.nl/u/woody/17973853/
Giorik electrische stoomoven touchscreen bediening,-,https://www.marktplaats.nl/v/zakelijke-goederen/horeca-keukenapparatuur/m2369217718-giorik-electrische-stoomoven-touchscreen-bediening,‚Ç¨ 1800.0 ,-,cetinotay,14:28:19 21-02-2026,Purmerend Nederland,-,https://images.marktplaats.com/api/v1/listing-mp-p/images/87/8737a486-cbfb-464d-a436-c8f905007a8f?rule=ecg_mp_eps$_83.jpg,-,https://www.marktplaats.nl/u/cetinotay/18535889/
PlayStation 5 Pro - Nieuwste model!,-,https://www.marktplaats.nl/v/spelcomputers-en-games/spelcomputers-sony-playstation-5/m2369233052-playstation-5-pro-nieuwste-model,‚Ç¨ 0.0 ,-,Fabian Baraldo,14:57:03 21-02-2026,Utrecht Nederland,-,https://images.marktplaats.com/api/v1/listing-mp-p/images/f7/f784b9f8-6123-4f1e-b807-3abfedac6e42?rule=ecg_mp_eps$_83.jpg,-,https://www.marktplaats.nl/u/fabian-baraldo/58960857/
Caravantrekker elektrotrekker aanhangertrekker,-,https://www.marktplaats.nl/v/caravans-en-kamperen/caravan-accessoires/m2369216219-caravantrekker-elektrotrekker-aanhangertrekker,‚Ç¨ 4750.0 ,-,O.Zittema,14:25:19 21-02-2026,Oosterwolde Nederland,-,https://images.marktplaats.com/api/v1/listing-mp-p/images/49/494c10ba-3d4c-4a26-8e30-6b463e2bfca0?rule=ecg_mp_eps$_83.jpg,-,https://www.marktplaats.nl/u/o-zittema/23085135/
"REV'IT leren combi motorpak - Maat 52 broek, 56 jas",-,https://www.marktplaats.nl/v/motoren/kleding-motorkleding/m2369217222-rev-it-leren-combi-motorpak-maat-52-broek-56-jas,‚Ç¨ 225.0 ,-,van V,14:27:18 21-02-2026,Hardinxveld-Giessendam Nederland,-,https://images.marktplaats.com/api/v1/listing-mp-p/images/67/6726a194-588f-4458-96fb-5a13cc8375d6?rule=ecg_mp_eps$_83.jpg,-,https://www.marktplaats.nl/u/van-v/10097257/
Momcozy S12 Pro Draagbare Borstkolf - Zo goed als nieuw!,-,https://www.marktplaats.nl/v/kinderen-en-baby-s/babyvoeding-en-toebehoren/m2369224345-momcozy-s12-pro-draagbare-borstkolf-zo-goed-als-nieuw,‚Ç¨ 30.0 ,-,M. Reessink,14:40:31 21-02-2026,Amersfoort Nederland,-,https://images.marktplaats.com/api/v1/listing-mp-p/images/aa/aa34cc42-362a-483d-a4f3-4039823f9723?rule=ecg_mp_eps$_83.jpg,-,https://www.marktplaats.nl/u/m-reessink/2533968/
Biod bambi,-,https://www.marktplaats.nl/v/caravans-en-kamperen/caravans/m2369223385-biod-bambi,‚Ç¨ 0.0 ,-,Jeroen Bolks,14:38:51 21-02-2026,Hengelo Nederland,-,https://images.marktplaats.com/api/v1/listing-mp-p/images/d5/d5cae217-46ff-4f2e-becf-da30eba46033?rule=ecg_mp_eps$_83.jpg,-,https://www.marktplaats.nl/u/jeroen-bolks/44570740/
Wireworld Stratus 7 2m powerchord,-,https://www.marktplaats.nl/v/audio-tv-en-foto/audiokabels-en-televisiekabels/m2369159998-wireworld-stratus-7-2m-powerchord,‚Ç¨ 110.0 ,-,Fullcircle-Audio,12:37:20 21-02-2026,Schoten Belgi√´,-,https://images.marktplaats.com/api/v1/listing-mp-p/images/0c/0cc91ccd-ed5f-4acd-a72d-4422581dfe79?rule=ecg_mp_eps$_83.jpg,-,https://www.marktplaats.nl/u/fullcircle-audio/17945406/
Gestolen,-,https://www.marktplaats.nl/v/contacten-en-berichten/advies-en-oproepen/m2369114850-gestolen,‚Ç¨ 0.0 ,-,cassandra,11:03:38 21-02-2026,Enschede Nederland,-,https://images.marktplaats.com/api/v1/listing-mp-p/images/7b/7bdff5eb-1503-44ed-b031-edfd54a4714f?rule=ecg_mp_eps$_83.jpg,-,https://www.marktplaats.nl/u/cassandra/45590262/
"Philips Sunmobile 824 - Amper gebruikt, in topstaat!",-,https://www.marktplaats.nl/v/witgoed-en-apparatuur/persoonlijke-verzorgingsapparatuur/m2369230656-philips-sunmobile-824-amper-gebruikt-in-topstaat,‚Ç¨ 235.0 ,-,Hennie,14:52:40 21-02-2026,Hellevoetsluis Nederland,-,https://images.marktplaats.com/api/v1/listing-mp-p/images/83/830ea872-1018-4bbc-9413-5ee06cf26d17?rule=ecg_mp_eps$_83.jpg,-,https://www.marktplaats.nl/u/hennie/21719285/
"Nintendo Wii met spellen, 2 controllers en accessoires",-,https://www.marktplaats.nl/v/spelcomputers-en-games/spelcomputers-nintendo-wii/m2369110099-nintendo-wii-met-spellen-2-controllers-en-accessoires,‚Ç¨ 0.0 ,-,Johnny Kuijstermans,10:51:15 21-02-2026,Sprundel Nederland,-,https://images.marktplaats.com/api/v1/listing-mp-p/images/b3/b33a709c-6ebb-4c84-8431-64bde8224952?rule=ecg_mp_eps$_83.jpg,-,https://www.marktplaats.nl/u/johnny-kuijstermans/54394985/
Oud emaille reclamebord van Shell.,-,https://www.marktplaats.nl/v/verzamelen/merken-en-reclamevoorwerpen/m2369231946-oud-emaille-reclamebord-van-shell,‚Ç¨ 0.0 ,-,Henk Horrevorts,14:55:03 21-02-2026,Biest-Houtakker Nederland,-,https://images.marktplaats.com/api/v1/listing-mp-p/images/d3/d30adb2b-c455-454b-8e5a-d5523111c127?rule=ecg_mp_eps$_83.jpg,-,https://www.marktplaats.nl/u/henk-horrevorts/6878081/
Seltmann Weiden Theresia Servies (1920-1940),-,https://www.marktplaats.nl/v/antiek-en-kunst/antiek-servies-compleet/m2369229877-seltmann-weiden-theresia-servies-1920-1940,‚Ç¨ 0.0 ,-,Mattijs,14:51:08 21-02-2026,Hardenberg Nederland,-,https://images.marktplaats.com/api/v1/listing-mp-p/images/c7/c7d0ab1b-ff06-44eb-b867-78c3b0359ae6?rule=ecg_mp_eps$_83.jpg,-,https://www.marktplaats.nl/u/mattijs/48457669/
Parajumpers Wilmont Bomber Heren Maat S,-,https://www.marktplaats.nl/v/kleding-heren/jassen-winter/m2369122546-parajumpers-wilmont-bomber-heren-maat-s,‚Ç¨ 475.0 ,-,Raymond C.,11:22:36 21-02-2026,Ewijk Nederland,-,https://images.marktplaats.com/api/v1/listing-mp-p/images/94/94f22370-028f-492c-a86c-d1cd633e701b?rule=ecg_mp_eps$_83.jpg,-,https://www.marktplaats.nl/u/raymond-c/16651105/
Complete Stipt Autopoets Set. Nieuw & Ongeopend. Bieden!,-,https://www.marktplaats.nl/v/auto-diversen/onderhoudsmiddelen/m2369165635-complete-stipt-autopoets-set-nieuw-ongeopend-bieden,‚Ç¨ 0.0 ,-,Omar,12:45:10 21-02-2026,Almere Nederland,-,https://images.marktplaats.com/api/v1/listing-mp-p/images/1d/1d38a930-c7c5-491f-90ab-1918917a6228?rule=ecg_mp_eps$_83.jpg,-,https://www.marktplaats.nl/u/omar/56437167/
Nagelstyliste Hoorn en omgeving ( ook thuis ),-,https://www.marktplaats.nl/v/diensten-en-vakmensen/schoonheidsspecialisten-manicure/m2369207177-nagelstyliste-hoorn-en-omgeving-ook-thuis,‚Ç¨ 0.0 ,-,Ricardo,14:07:26 21-02-2026,Hoorn Nederland,-,https://images.marktplaats.com/api/v1/listing-mp-p/images/98/98c0e28b-84e1-4aa1-9d06-473dc25e86a3?rule=ecg_mp_eps$_83.jpg,-,https://www.marktplaats.nl/u/ricardo/17215846/
Eettafel en stoelen,-,https://www.marktplaats.nl/v/huis-en-inrichting/tafels-eettafels/m2369172069-eettafel-en-stoelen,‚Ç¨ 450.0 ,-,keratine sammy,12:56:00 21-02-2026,'s-Gravenhage Nederland,-,https://images.marktplaats.com/api/v1/listing-mp-p/images/0c/0c543639-3403-41fd-98b8-92e0cdf88201?rule=ecg_mp_eps$_83.jpg,-,https://www.marktplaats.nl/u/keratine-sammy/21012121/
Marshall EL34 100/100,-,https://www.marktplaats.nl/v/muziek-en-instrumenten/versterkers-bas-en-gitaar/m2369180252-marshall-el34-100-100,‚Ç¨ 700.0 ,-,Harry Greve,13:12:01 21-02-2026,Midlum Nederland,-,https://images.marktplaats.com/api/v1/listing-mp-p/images/ca/caebc133-9e91-401f-9f1b-7a05ecb8a287?rule=ecg_mp_eps$_83.jpg,-,https://www.marktplaats.nl/u/harry-greve/47281794/
Aangeboden zundapp bj 1977,-,https://www.marktplaats.nl/v/fietsen-en-brommers/brommers-zundapp/m2369205650-aangeboden-zundapp-bj-1977,‚Ç¨ 0.0 ,-,hsteenbergen,14:04:20 21-02-2026,Maasdijk Nederland,-,https://images.marktplaats.com/api/v1/listing-mp-p/images/bd/bde1478b-9a18-411b-8134-e852be173f4f?rule=ecg_mp_eps$_83.jpg,-,https://www.marktplaats.nl/u/hsteenbergen/24144538/
Muntenverzameling Aruba,-,https://www.marktplaats.nl/v/postzegels-en-munten/munten-nederland/m2369185674-muntenverzameling-aruba,‚Ç¨ 137.0 ,-,Ren√© Vielvoije,13:22:55 21-02-2026,Winterswijk Nederland,-,https://images.marktplaats.com/api/v1/listing-mp-p/images/3e/3e5a9e11-ed67-4177-a078-8d0ebb07f4cd?rule=ecg_mp_eps$_83.jpg,-,https://www.marktplaats.nl/u/rene-vielvoije/23470265/
Trunki BoostApak Autostoel Rugzak,-,https://www.marktplaats.nl/v/kinderen-en-baby-s/kindermode-accessoires/m2369221350-trunki-boostapak-autostoel-rugzak,‚Ç¨ 50.0 ,-,Laura,14:35:09 21-02-2026,Dordrecht Nederland,-,https://images.marktplaats.com/api/v1/listing-mp-p/images/04/04a4ea1c-40b3-4861-acb9-8b865bc76536?rule=ecg_mp_eps$_83.jpg,-,https://www.marktplaats.nl/u/laura/2411060/
Mark Levinson ML519 Streamer DAC - High-End Audio,-,https://www.marktplaats.nl/v/audio-tv-en-foto/cd-spelers/m2369134684-mark-levinson-ml519-streamer-dac-high-end-audio,‚Ç¨ 9999.0 ,-,Elijah,11:49:17 21-02-2026,Maastricht Nederland,-,https://images.marktplaats.com/api/v1/listing-mp-p/images/78/78313f76-45be-4a20-806c-eb394d0c5110?rule=ecg_mp_eps$_83.jpg,-,https://www.marktplaats.nl/u/elijah/4471805/
18karaat rope chain 70cm 5mm breed,-,https://www.marktplaats.nl/v/sieraden-tassen-en-uiterlijk/kettingen/m2369232606-18karaat-rope-chain-70cm-5mm-breed,‚Ç¨ 0.0 ,-,La Myrla Jewelry,14:56:13 21-02-2026,Beverwijk Nederland,-,https://images.marktplaats.com/api/v1/listing-mp-p/images/0b/0bb723b5-d155-4a26-b91c-9e9c1cd97ca3?rule=ecg_mp_eps$_83.jpg,-,https://www.marktplaats.nl/u/la-myrla-jewelry/38658153/
Sunmobile hb 875 infrarood,-,https://www.marktplaats.nl/v/witgoed-en-apparatuur/zonnebanken-en-gezichtsbruiners/m2369202163-sunmobile-hb-875-infrarood,‚Ç¨ 175.0 ,-,eric,13:56:56 21-02-2026,Siebengewald Nederland,-,https://images.marktplaats.com/api/v1/listing-mp-p/images/0c/0cd57e8e-6a18-4baa-adaa-69a3d75e9144?rule=ecg_mp_eps$_83.jpg,-,https://www.marktplaats.nl/u/eric/23571537/
20x Journey Together Booster Box - Nieuw!,-,https://www.marktplaats.nl/v/hobby-en-vrije-tijd/verzamelkaartspellen-pokemon/m2369236563-20x-journey-together-booster-box-nieuw,‚Ç¨ 175.0 ,-,ruben,15:03:18 21-02-2026,Benschop Nederland,-,https://images.marktplaats.com/api/v1/listing-mp-p/images/46/46f800db-a8be-4a98-b52b-52a4d260707b?rule=ecg_mp_eps$_83.jpg,-,https://www.marktplaats.nl/u/ruben/58151150/
"Ralph Lauren, Lyle & Scott kleding",-,https://www.marktplaats.nl/v/kleding-heren/heren-kledingpakketten/m2369117903-ralph-lauren-lyle-scott-kleding,‚Ç¨ 175.0 ,-,Martijn,11:11:35 21-02-2026,Woerden Nederland,-,https://images.marktplaats.com/api/v1/listing-mp-p/images/d6/d6936f75-9d31-48b5-b7c4-f40fcc4aa549?rule=ecg_mp_eps$_83.jpg,-,https://www.marktplaats.nl/u/martijn/10817831/
Schadeauto,-,https://www.marktplaats.nl/v/auto-diversen/schadeauto-s/m2369159020-schadeauto,‚Ç¨ 0.0 ,-,ro,12:35:37 21-02-2026,Enschede Nederland,-,https://images.marktplaats.com/api/v1/listing-mp-p/images/70/70b7319c-0e6e-4f64-8770-d768474900af?rule=ecg_mp_eps$_83.jpg,-,https://www.marktplaats.nl/u/ro/22754094/
Amerikaanse spa full option 50 % korting NIEUW WEG=WEG !!!!,-,https://www.marktplaats.nl/v/tuin-en-terras/bubbelbaden-en-hottubs/m2369231232-amerikaanse-spa-full-option-50-korting-nieuw-weg-weg,‚Ç¨ 5500.0 ,-,SAUNA4YOU,14:53:45 21-02-2026,Haaksbergen Nederland,-,https://images.marktplaats.com/api/v1/listing-mp-p/images/22/22b39321-f97a-4f06-b646-1ebe5df3abb5?rule=ecg_mp_eps$_83.jpg,-,https://www.marktplaats.nl/u/sauna4you/560354/
Nuna wip /draaistoel,-,https://www.marktplaats.nl/v/kinderen-en-baby-s/wipstoeltjes/m2369213370-nuna-wip-draaistoel,‚Ç¨ 50.0 ,-,Fam Heinemans,14:19:42 21-02-2026,Sittard Nederland,-,https://images.marktplaats.com/api/v1/listing-mp-p/images/95/95ffe4a4-a953-4d32-97fa-3ba03e4c28e5?rule=ecg_mp_eps$_83.jpg,-,https://www.marktplaats.nl/u/fam-heinemans/21204643/
Djo - Decide (Blue Vinyl) - Nieuw in Verpakking,-,https://www.marktplaats.nl/v/cd-s-en-dvd-s/vinyl-overige-vinyl/m2369110887-djo-decide-blue-vinyl-nieuw-in-verpakking,‚Ç¨ 50.0 ,-,Bobby Verseput,10:53:26 21-02-2026,Rotterdam Nederland,-,https://images.marktplaats.com/api/v1/listing-mp-p/images/31/313a4356-74f2-4b47-9001-079a5cb33077?rule=ecg_mp_eps$_83.jpg,-,https://www.marktplaats.nl/u/bobby-verseput/41263534/
Catertech vrieskist groot 550 liter 180 cm lang,-,https://www.marktplaats.nl/v/zakelijke-goederen/horeca-keukenapparatuur/m2369215157-catertech-vrieskist-groot-550-liter-180-cm-lang,‚Ç¨ 250.0 ,-,Henk-Jan,14:23:19 21-02-2026,Amsterdam Nederland,-,https://images.marktplaats.com/api/v1/listing-mp-p/images/52/5216f1be-96d5-4e2c-899d-760d6309ec2e?rule=ecg_mp_eps$_83.jpg,-,https://www.marktplaats.nl/u/henk-jan/23743590/
"Schilder aangeboden -    vakwerk, goed, gunstige prijs",-,https://www.marktplaats.nl/v/diensten-en-vakmensen/schilders-en-behangers/m2369124402-schilder-aangeboden-vakwerk-goed-gunstige-prijs,‚Ç¨ 0.0 ,-,pw,11:27:04 21-02-2026,Haaksbergen Nederland,-,https://images.marktplaats.com/api/v1/listing-mp-p/images/81/81b2c302-dff3-4c49-9390-da144fe207c7?rule=ecg_mp_eps$_83.jpg,-,https://www.marktplaats.nl/u/pw/47680426/
Auping Auronde 1000 ‚Äì compleet set met elektrische bodems en,-,https://www.marktplaats.nl/v/huis-en-inrichting/slaapkamer-complete-slaapkamers/m2369165121-auping-auronde-1000-compleet-set-met-elektrische-bodems-en,‚Ç¨ 0.0 ,-,boom,12:44:31 21-02-2026,Zieuwent Nederland,-,https://images.marktplaats.com/api/v1/listing-mp-p/images/a3/a3d135c4-78bc-46a9-8560-0093075614ed?rule=ecg_mp_eps$_83.jpg,-,https://www.marktplaats.nl/u/boom/12050004/
Dyson Airwrap Nieuw geseald in Doos - Complete Styling Set,-,https://www.marktplaats.nl/v/witgoed-en-apparatuur/persoonlijke-verzorgingsapparatuur/m2369201992-dyson-airwrap-nieuw-geseald-in-doos-complete-styling-set,‚Ç¨ 250.0 ,-,Sagar,13:56:37 21-02-2026,'s-Gravenhage Nederland,-,https://images.marktplaats.com/api/v1/listing-mp-p/images/5a/5a2db31f-bb7f-48e3-9148-a52dc50c2ff2?rule=ecg_mp_eps$_83.jpg,-,https://www.marktplaats.nl/u/sagar/19223156/
Studer B67 MK1 VU versie,-,https://www.marktplaats.nl/v/audio-tv-en-foto/bandrecorders/m2369125357-studer-b67-mk1-vu-versie,‚Ç¨ 3000.0 ,-,Arnold,11:29:15 21-02-2026,Zoetermeer Nederland,-,https://images.marktplaats.com/api/v1/listing-mp-p/images/21/2112a81b-3d1d-49a8-8999-e49533ce5d08?rule=ecg_mp_eps$_83.jpg,-,https://www.marktplaats.nl/u/arnold/45049062/
"HTC Vive VR Set Compl, Base Stations,Control,Originele doos",-,https://www.marktplaats.nl/v/spelcomputers-en-games/virtual-reality/m2369188404-htc-vive-vr-set-compl-base-stations-control-originele-doos,‚Ç¨ 0.0 ,-,martens,13:28:29 21-02-2026,Nieuwerkerk aan den IJssel Nederland,-,https://images.marktplaats.com/api/v1/listing-mp-p/images/d9/d9c80055-3eae-4cbc-8c44-f564c8f4d383?rule=ecg_mp_eps$_83.jpg,-,https://www.marktplaats.nl/u/martens/21283239/
Iphone 16 128g,-,https://www.marktplaats.nl/v/telecommunicatie/mobiele-telefoons-hoesjes-en-frontjes-apple-iphone/m2369092001-iphone-16-128g,‚Ç¨ 550.0 ,-,Cecilia dela Cruz,09:58:15 21-02-2026,Amsterdam Nederland,-,https://images.marktplaats.com/api/v1/listing-mp-p/images/88/88e8dc63-e1dd-465b-b023-d0e86e0c235f?rule=ecg_mp_eps$_83.jpg,-,https://www.marktplaats.nl/u/cecilia-dela-cruz/55676529/
Rakuten Kobo Libra Colour,-,https://www.marktplaats.nl/v/computers-en-software/e-readers/m2369135159-rakuten-kobo-libra-colour,‚Ç¨ 195.0 ,-,Jennifer,11:50:17 21-02-2026,Purmerend Nederland,-,https://images.marktplaats.com/api/v1/listing-mp-p/images/c4/c4d1d308-d963-4929-b986-11b541149384?rule=ecg_mp_eps$_83.jpg,-,https://www.marktplaats.nl/u/jennifer/11236364/
Instapbare sportstudio Breda aangeboden,-,https://www.marktplaats.nl/v/diensten-en-vakmensen/welzijn-overige/m2369109559-instapbare-sportstudio-breda-aangeboden,‚Ç¨ 0.0 ,-,Glowmotion slimmingstudio,10:49:48 21-02-2026,Breda Nederland,-,https://images.marktplaats.com/api/v1/listing-mp-p/images/ae/ae9bdb3c-a972-4423-bce5-997f7baa7a5f?rule=ecg_mp_eps$_83.jpg,-,https://www.marktplaats.nl/u/glowmotion-slimmingstudio/57927187/
Nakamichi LX5 cassette recorder - Gereviseerd!,-,https://www.marktplaats.nl/v/audio-tv-en-foto/cassettedecks/m2369239932-nakamichi-lx5-cassette-recorder-gereviseerd,‚Ç¨ 550.0 ,-,Tom van der Hoff,15:09:24 21-02-2026,Maassluis Nederland,-,https://images.marktplaats.com/api/v1/listing-mp-p/images/6e/6ee59480-a00c-43bd-ab57-a9b3895cf0cd?rule=ecg_mp_eps$_83.jpg,-,https://www.marktplaats.nl/u/tom-van-der-hoff/15788480/
South Park Seizoen 1-23 DVD Boxset,-,https://www.marktplaats.nl/v/cd-s-en-dvd-s/dvd-s-tv-en-series/m2369066253-south-park-seizoen-1-23-dvd-boxset,‚Ç¨ 0.0 ,-,Bennie,05:17:37 21-02-2026,Hoeven Nederland,-,https://images.marktplaats.com/api/v1/listing-mp-p/images/df/dffacdbf-d4a1-4cc0-9a42-9fdc302c3f75?rule=ecg_mp_eps$_83.jpg,-,https://www.marktplaats.nl/u/bennie/18538422/
Pokemon Legends Arceus,-,https://www.marktplaats.nl/v/spelcomputers-en-games/games-nintendo-switch/m2369241236-pokemon-legends-arceus,‚Ç¨ 0.0 ,-,Danique,15:11:44 21-02-2026,Oud-Beijerland Nederland,-,https://images.marktplaats.com/api/v1/listing-mp-p/images/cc/cc6b4bdc-b4b8-42bf-8572-b54e339518d2?rule=ecg_mp_eps$_83.jpg,-,https://www.marktplaats.nl/u/danique/12338205/
Tafeltennistafel,-,https://www.marktplaats.nl/v/sport-en-fitness/tafeltennis/m2369178481-tafeltennistafel,‚Ç¨ 500.0 ,-,sander,13:08:37 21-02-2026,Goor Nederland,-,https://images.marktplaats.com/api/v1/listing-mp-p/images/14/14b3e351-535a-40d2-aebe-4fe31cbc18ee?rule=ecg_mp_eps$_83.jpg,-,https://www.marktplaats.nl/u/sander/55536490/
Moncler Jas nieuw,-,https://www.marktplaats.nl/v/kleding-heren/jassen-winter/m2369192778-moncler-jas-nieuw,‚Ç¨ 90.0 ,-,Richard,13:37:15 21-02-2026,Rotterdam Nederland,-,https://images.marktplaats.com/api/v1/listing-mp-p/images/a1/a16be4cc-f7d1-4527-8f41-8e3464bd7e94?rule=ecg_mp_eps$_83.jpg,-,https://www.marktplaats.nl/u/richard/20264370/
Set naafdoppen 75 mm Mercedes (4 stuks) nieuw zwart,-,https://www.marktplaats.nl/v/auto-diversen/wieldoppen/m2369077452-set-naafdoppen-75-mm-mercedes-4-stuks-nieuw-zwart,‚Ç¨ 14.99 ,-,Paul,08:45:17 21-02-2026,Zeewolde Nederland,-,https://images.marktplaats.com/api/v1/listing-mp-p/images/16/16de33ac-352a-4c7c-9ff3-c55d4b5a9cd2?rule=ecg_mp_eps$_83.jpg,-,https://www.marktplaats.nl/u/paul/13942428/
Emaille Reclamebord ‚ÄúLA TRAPPE‚Äù Trappistenbier,-,https://www.marktplaats.nl/v/verzamelen/merken-en-reclamevoorwerpen/m2369219723-emaille-reclamebord-la-trappe-trappistenbier,‚Ç¨ 500.0 ,-,PP,14:32:04 21-02-2026,Tilburg Nederland,-,https://images.marktplaats.com/api/v1/listing-mp-p/images/98/9871269f-361e-4520-8fdf-9e076f214cc5?rule=ecg_mp_eps$_83.jpg,-,https://www.marktplaats.nl/u/pp/155470/
Adria Astella 663 HT AIRCO E&P MOVER VAATWASSER ATC WINTER,-,https://www.marktplaats.nl/v/caravans-en-kamperen/caravans/m2369179313-adria-astella-663-ht-airco-e-p-mover-vaatwasser-atc-winter,‚Ç¨ 34995.0 ,-,Peter,13:10:14 21-02-2026,Schaijk Nederland,-,https://images.marktplaats.com/api/v1/listing-mp-p/images/20/201c9717-8272-4fcc-8eed-e79b03ae455e?rule=ecg_mp_eps$_83.jpg,-,https://www.marktplaats.nl/u/peter/11274/
Patek Philippe horloge verkopen? Direct en marktconform!,-,https://www.marktplaats.nl/v/sieraden-tassen-en-uiterlijk/horloges-heren/m2369149916-patek-philippe-horloge-verkopen-direct-en-marktconform,‚Ç¨ 49995.0 ,-,Watchmeisters,12:19:12 21-02-2026,Rijswijk Nederland,-,https://images.marktplaats.com/api/v1/listing-mp-p/images/45/4522617b-6b80-4f7c-a268-5f6c901cfe68?rule=ecg_mp_eps$_83.jpg,-,https://www.marktplaats.nl/u/watchmeisters/47832808/
ECOVACS Deebot T20 Omni - Zo goed als nieuw!,-,https://www.marktplaats.nl/v/witgoed-en-apparatuur/stofzuigers/m2369183079-ecovacs-deebot-t20-omni-zo-goed-als-nieuw,‚Ç¨ 365.0 ,-,GKW,13:17:39 21-02-2026,Voorburg Nederland,-,https://images.marktplaats.com/api/v1/listing-mp-p/images/eb/ebc9e06c-0268-40de-a668-b74ffbf3db15?rule=ecg_mp_eps$_83.jpg,-,https://www.marktplaats.nl/u/gkw/15947358/
üèÜ Nummer 1 in kunstgras installaties!,-,https://www.marktplaats.nl/v/tuin-en-terras/gras-en-kunstgras/m2369228730-nummer-1-in-kunstgras-installaties,‚Ç¨ 0.0 ,-,kunsthaag,14:48:59 21-02-2026,Oss Nederland,-,https://images.marktplaats.com/api/v1/listing-mp-p/images/3f/3fd4ca19-40cb-43a4-9d21-5bba89b1bfe8?rule=ecg_mp_eps$_83.jpg,-,https://www.marktplaats.nl/u/kunsthaag/24227837/
2 leren banken,-,https://www.marktplaats.nl/v/huis-en-inrichting/banken-bankstellen/m2369157382-2-leren-banken,‚Ç¨ 0.0 ,-,Rengobelli,12:32:43 21-02-2026,Erica Nederland,-,https://images.marktplaats.com/api/v1/listing-mp-p/images/1f/1f9107de-2964-4b53-b368-3dc8c5e2f072?rule=ecg_mp_eps$_83.jpg,-,https://www.marktplaats.nl/u/rengobelli/13909205/
Professionele microfoon - Nieuwstaat,-,https://www.marktplaats.nl/v/muziek-en-instrumenten/microfoons/m2369168133-professionele-microfoon-nieuwstaat,‚Ç¨ 45.0 ,-,Christiaan Spaans,12:48:33 21-02-2026,Delft Nederland,-,https://images.marktplaats.com/api/v1/listing-mp-p/images/94/94ea2102-58ef-4da8-aeb4-2150168f028a?rule=ecg_mp_eps$_83.jpg,-,https://www.marktplaats.nl/u/christiaan-spaans/26991035/
Messersi CH2/R benzinemotor,-,https://www.marktplaats.nl/v/zakelijke-goederen/machines-en-bouw-kranen-en-graafmachines/m2369211932-messersi-ch2-r-benzinemotor,‚Ç¨ 4850.0 ,-,michael,14:16:51 21-02-2026,'s-Hertogenbosch Nederland,-,https://images.marktplaats.com/api/v1/listing-mp-p/images/85/8528788d-fe0e-427b-a444-3698a78a2c35?rule=ecg_mp_eps$_83.jpg,-,https://www.marktplaats.nl/u/michael/5824815/
Motorheftafel 450 kg (nieuw),-,https://www.marktplaats.nl/v/motoren/accessoires-onderhoudsmiddelen/m2369194509-motorheftafel-450-kg-nieuw,‚Ç¨ 0.0 ,-,Michel,13:40:49 21-02-2026,Wijdenes Nederland,-,https://images.marktplaats.com/api/v1/listing-mp-p/images/b2/b2df7316-dd6c-49a2-a220-a92f55965aac?rule=ecg_mp_eps$_83.jpg,-,https://www.marktplaats.nl/u/michel/14200869/
Wie gaat er mee op een onvergetelijk avontuur ?,-,https://www.marktplaats.nl/v/contacten-en-berichten/reisgenoten-en-carpoolers/m2369085986-wie-gaat-er-mee-op-een-onvergetelijk-avontuur,‚Ç¨ 0.0 ,-,Jack,09:34:25 21-02-2026,Almere Nederland,-,https://images.marktplaats.com/api/v1/listing-mp-p/images/ba/ba9416af-deea-4344-b5ba-5642b47d9bec?rule=ecg_mp_eps$_83.jpg,-,https://www.marktplaats.nl/u/jack/26411652/
Vele speciale 2 Euro munten op een pagina met prijzen erbij.,-,https://www.marktplaats.nl/v/postzegels-en-munten/munten-europa-euromunten/m2369215111-vele-speciale-2-euro-munten-op-een-pagina-met-prijzen-erbij,‚Ç¨ 0.0 ,-,Theo,14:23:15 21-02-2026,Rijkevoort Nederland,-,https://images.marktplaats.com/api/v1/listing-mp-p/images/13/13726e2e-23a4-4abd-b72c-7651ba10a1c9?rule=ecg_mp_eps$_83.jpg,-,https://www.marktplaats.nl/u/theo/1499601/
Antiek Koffiemolentje - Pe De Geschmiedet Werk,-,https://www.marktplaats.nl/v/antiek-en-kunst/antiek-keukenbenodigdheden/m2369239395-antiek-koffiemolentje-pe-de-geschmiedet-werk,‚Ç¨ 150.0 ,-,Lars Wormgoor,15:08:29 21-02-2026,Eibergen Nederland,-,https://images.marktplaats.com/api/v1/listing-mp-p/images/bd/bde372d9-4635-4f53-b76c-6d6b506271e7?rule=ecg_mp_eps$_83.jpg,-,https://www.marktplaats.nl/u/lars-wormgoor/8369590/
Cricut Maker 3 ‚Äì Zo goed als nieuw (slechts 3x gebruikt!),-,https://www.marktplaats.nl/v/hobby-en-vrije-tijd/overige-hobby-en-vrije-tijd/m2369233535-cricut-maker-3-zo-goed-als-nieuw-slechts-3x-gebruikt,‚Ç¨ 350.0 ,-,seyma,14:57:55 21-02-2026,Zaandam Nederland,-,https://images.marktplaats.com/api/v1/listing-mp-p/images/6b/6ba931a7-21cf-4b81-97a9-005d906ce08d?rule=ecg_mp_eps$_83.jpg,-,https://www.marktplaats.nl/u/seyma/25701718/
Iphone 15 pro 256 gb NIEUW!,-,https://www.marktplaats.nl/v/telecommunicatie/mobiele-telefoons-apple-iphone/m2369213931-iphone-15-pro-256-gb-nieuw,‚Ç¨ 750.0 ,-,maut,14:20:48 21-02-2026,Duiven Nederland,-,https://images.marktplaats.com/api/v1/listing-mp-p/images/26/26c7f1b6-e2c6-4fa3-a5a7-22719644c8c4?rule=ecg_mp_eps$_83.jpg,-,https://www.marktplaats.nl/u/maut/25173977/
2-Piece set Jean Paul Gaultier,-,https://www.marktplaats.nl/v/kleding-dames/gelegenheidskleding/m2369229270-2-piece-set-jean-paul-gaultier,‚Ç¨ 1000.0 ,-,onleydesirables,14:49:59 21-02-2026,Amsterdam Nederland,-,https://images.marktplaats.com/api/v1/listing-mp-p/images/0c/0c2d1caf-13d3-4cc6-b6b7-3b20ee115499?rule=ecg_mp_eps$_83.jpg,-,https://www.marktplaats.nl/u/onleydesirables/17557265/
Achterbak Chevrolet K30,-,https://www.marktplaats.nl/v/auto-onderdelen/carrosserie-en-plaatwerk/m2369188999-achterbak-chevrolet-k30,‚Ç¨ 0.0 ,-,P. Dros,13:29:42 21-02-2026,De Waal Nederland,-,https://images.marktplaats.com/api/v1/listing-mp-p/images/a3/a3dd8302-4472-4381-bf5e-c567f92bcc8c?rule=ecg_mp_eps$_83.jpg,-,https://www.marktplaats.nl/u/p-dros/47672765/
"Lacros Scamper S200 XL  Elektrische Vouwfiets,24 inch wielen",-,https://www.marktplaats.nl/v/fietsen-en-brommers/fietsen-vouwfietsen/m2369139612-lacros-scamper-s200-xl-elektrische-vouwfiets-24-inch-wielen,‚Ç¨ 1150.0 ,-,Charly,11:59:30 21-02-2026,Nieuwehorne Nederland,-,https://images.marktplaats.com/api/v1/listing-mp-p/images/91/913ea06f-a2a5-490a-ae69-b3d106d1b572?rule=ecg_mp_eps$_83.jpg,-,https://www.marktplaats.nl/u/charly/18189642/
